-- Демо-данные JobSearch (10 работодателей, 25 соискателей, 25 резюме, 25 вакансий)
-- Пароль всех аккаунтов: demo1234
-- Повторный импорт безопасен: старые demo-аккаунты удаляются каскадом.
SET NAMES utf8mb4;
DELETE FROM users WHERE email LIKE 'demo\_%@jobsearch.kz';

-- Работодатели
INSERT INTO users (id, name, email, password, role, created_at, avatar) VALUES (90001, 'ТОО «KazTech»', 'demo_emp1@jobsearch.kz', '$2y$10$lEWTcgU8f5D2woCg1TCOgO21JfjnyP1eNyNKFLhgu9i7aprcU00Ia', 'employer', (NOW() - INTERVAL 173 DAY), 'https://i.pravatar.cc/150?u=demo_emp90001');
INSERT INTO users (id, name, email, password, role, created_at, avatar) VALUES (90002, 'АО «DigitalKZ»', 'demo_emp2@jobsearch.kz', '$2y$10$lEWTcgU8f5D2woCg1TCOgO21JfjnyP1eNyNKFLhgu9i7aprcU00Ia', 'employer', (NOW() - INTERVAL 38 DAY), 'https://i.pravatar.cc/150?u=demo_emp90002');
INSERT INTO users (id, name, email, password, role, created_at, avatar) VALUES (90003, 'ТОО «Alatau Group»', 'demo_emp3@jobsearch.kz', '$2y$10$lEWTcgU8f5D2woCg1TCOgO21JfjnyP1eNyNKFLhgu9i7aprcU00Ia', 'employer', (NOW() - INTERVAL 16 DAY), 'https://i.pravatar.cc/150?u=demo_emp90003');
INSERT INTO users (id, name, email, password, role, created_at, avatar) VALUES (90004, 'ТОО «Astana Soft»', 'demo_emp4@jobsearch.kz', '$2y$10$lEWTcgU8f5D2woCg1TCOgO21JfjnyP1eNyNKFLhgu9i7aprcU00Ia', 'employer', (NOW() - INTERVAL 199 DAY), 'https://i.pravatar.cc/150?u=demo_emp90004');
INSERT INTO users (id, name, email, password, role, created_at, avatar) VALUES (90005, 'ТОО «Sapa Market»', 'demo_emp5@jobsearch.kz', '$2y$10$lEWTcgU8f5D2woCg1TCOgO21JfjnyP1eNyNKFLhgu9i7aprcU00Ia', 'employer', (NOW() - INTERVAL 80 DAY), 'https://i.pravatar.cc/150?u=demo_emp90005');
INSERT INTO users (id, name, email, password, role, created_at, avatar) VALUES (90006, 'АО «Tumar Bank»', 'demo_emp6@jobsearch.kz', '$2y$10$lEWTcgU8f5D2woCg1TCOgO21JfjnyP1eNyNKFLhgu9i7aprcU00Ia', 'employer', (NOW() - INTERVAL 72 DAY), 'https://i.pravatar.cc/150?u=demo_emp90006');
INSERT INTO users (id, name, email, password, role, created_at, avatar) VALUES (90007, 'ТОО «Qazaq Logistics»', 'demo_emp7@jobsearch.kz', '$2y$10$lEWTcgU8f5D2woCg1TCOgO21JfjnyP1eNyNKFLhgu9i7aprcU00Ia', 'employer', (NOW() - INTERVAL 67 DAY), 'https://i.pravatar.cc/150?u=demo_emp90007');
INSERT INTO users (id, name, email, password, role, created_at, avatar) VALUES (90008, 'ТОО «Nomad Media»', 'demo_emp8@jobsearch.kz', '$2y$10$lEWTcgU8f5D2woCg1TCOgO21JfjnyP1eNyNKFLhgu9i7aprcU00Ia', 'employer', (NOW() - INTERVAL 45 DAY), 'https://i.pravatar.cc/150?u=demo_emp90008');
INSERT INTO users (id, name, email, password, role, created_at, avatar) VALUES (90009, 'ТОО «Bereke Trade»', 'demo_emp9@jobsearch.kz', '$2y$10$lEWTcgU8f5D2woCg1TCOgO21JfjnyP1eNyNKFLhgu9i7aprcU00Ia', 'employer', (NOW() - INTERVAL 198 DAY), 'https://i.pravatar.cc/150?u=demo_emp90009');
INSERT INTO users (id, name, email, password, role, created_at, avatar) VALUES (90010, 'АО «Innova Systems»', 'demo_emp10@jobsearch.kz', '$2y$10$lEWTcgU8f5D2woCg1TCOgO21JfjnyP1eNyNKFLhgu9i7aprcU00Ia', 'employer', (NOW() - INTERVAL 36 DAY), 'https://i.pravatar.cc/150?u=demo_emp90010');

-- Соискатели
INSERT INTO users (id, name, email, password, role, created_at, avatar) VALUES (90101, 'Назгуль Исмаилова', 'demo_seeker1@jobsearch.kz', '$2y$10$lEWTcgU8f5D2woCg1TCOgO21JfjnyP1eNyNKFLhgu9i7aprcU00Ia', 'seeker', (NOW() - INTERVAL 152 DAY), 'https://i.pravatar.cc/150?u=demo_seeker90101');
INSERT INTO users (id, name, email, password, role, created_at, avatar) VALUES (90102, 'Арман Нурланов', 'demo_seeker2@jobsearch.kz', '$2y$10$lEWTcgU8f5D2woCg1TCOgO21JfjnyP1eNyNKFLhgu9i7aprcU00Ia', 'seeker', (NOW() - INTERVAL 60 DAY), 'https://i.pravatar.cc/150?u=demo_seeker90102');
INSERT INTO users (id, name, email, password, role, created_at, avatar) VALUES (90103, 'Айгерим Исмаилова', 'demo_seeker3@jobsearch.kz', '$2y$10$lEWTcgU8f5D2woCg1TCOgO21JfjnyP1eNyNKFLhgu9i7aprcU00Ia', 'seeker', (NOW() - INTERVAL 167 DAY), 'https://i.pravatar.cc/150?u=demo_seeker90103');
INSERT INTO users (id, name, email, password, role, created_at, avatar) VALUES (90104, 'Гульнара Серикова', 'demo_seeker4@jobsearch.kz', '$2y$10$lEWTcgU8f5D2woCg1TCOgO21JfjnyP1eNyNKFLhgu9i7aprcU00Ia', 'seeker', (NOW() - INTERVAL 151 DAY), 'https://i.pravatar.cc/150?u=demo_seeker90104');
INSERT INTO users (id, name, email, password, role, created_at, avatar) VALUES (90105, 'Айдос Ахметов', 'demo_seeker5@jobsearch.kz', '$2y$10$lEWTcgU8f5D2woCg1TCOgO21JfjnyP1eNyNKFLhgu9i7aprcU00Ia', 'seeker', (NOW() - INTERVAL 179 DAY), 'https://i.pravatar.cc/150?u=demo_seeker90105');
INSERT INTO users (id, name, email, password, role, created_at, avatar) VALUES (90106, 'Ерлан Касымов', 'demo_seeker6@jobsearch.kz', '$2y$10$lEWTcgU8f5D2woCg1TCOgO21JfjnyP1eNyNKFLhgu9i7aprcU00Ia', 'seeker', (NOW() - INTERVAL 87 DAY), 'https://i.pravatar.cc/150?u=demo_seeker90106');
INSERT INTO users (id, name, email, password, role, created_at, avatar) VALUES (90107, 'Тимур Нурланов', 'demo_seeker7@jobsearch.kz', '$2y$10$lEWTcgU8f5D2woCg1TCOgO21JfjnyP1eNyNKFLhgu9i7aprcU00Ia', 'seeker', (NOW() - INTERVAL 89 DAY), 'https://i.pravatar.cc/150?u=demo_seeker90107');
INSERT INTO users (id, name, email, password, role, created_at, avatar) VALUES (90108, 'Карина Ахметова', 'demo_seeker8@jobsearch.kz', '$2y$10$lEWTcgU8f5D2woCg1TCOgO21JfjnyP1eNyNKFLhgu9i7aprcU00Ia', 'seeker', (NOW() - INTERVAL 138 DAY), 'https://i.pravatar.cc/150?u=demo_seeker90108');
INSERT INTO users (id, name, email, password, role, created_at, avatar) VALUES (90109, 'Нурсултан Сатпаев', 'demo_seeker9@jobsearch.kz', '$2y$10$lEWTcgU8f5D2woCg1TCOgO21JfjnyP1eNyNKFLhgu9i7aprcU00Ia', 'seeker', (NOW() - INTERVAL 142 DAY), 'https://i.pravatar.cc/150?u=demo_seeker90109');
INSERT INTO users (id, name, email, password, role, created_at, avatar) VALUES (90110, 'Мадияр Турсынов', 'demo_seeker10@jobsearch.kz', '$2y$10$lEWTcgU8f5D2woCg1TCOgO21JfjnyP1eNyNKFLhgu9i7aprcU00Ia', 'seeker', (NOW() - INTERVAL 148 DAY), 'https://i.pravatar.cc/150?u=demo_seeker90110');
INSERT INTO users (id, name, email, password, role, created_at, avatar) VALUES (90111, 'Данияр Ахметов', 'demo_seeker11@jobsearch.kz', '$2y$10$lEWTcgU8f5D2woCg1TCOgO21JfjnyP1eNyNKFLhgu9i7aprcU00Ia', 'seeker', (NOW() - INTERVAL 75 DAY), 'https://i.pravatar.cc/150?u=demo_seeker90111');
INSERT INTO users (id, name, email, password, role, created_at, avatar) VALUES (90112, 'Томирис Серикова', 'demo_seeker12@jobsearch.kz', '$2y$10$lEWTcgU8f5D2woCg1TCOgO21JfjnyP1eNyNKFLhgu9i7aprcU00Ia', 'seeker', (NOW() - INTERVAL 98 DAY), 'https://i.pravatar.cc/150?u=demo_seeker90112');
INSERT INTO users (id, name, email, password, role, created_at, avatar) VALUES (90113, 'Мадияр Орынбаев', 'demo_seeker13@jobsearch.kz', '$2y$10$lEWTcgU8f5D2woCg1TCOgO21JfjnyP1eNyNKFLhgu9i7aprcU00Ia', 'seeker', (NOW() - INTERVAL 42 DAY), 'https://i.pravatar.cc/150?u=demo_seeker90113');
INSERT INTO users (id, name, email, password, role, created_at, avatar) VALUES (90114, 'Бекзат Алиев', 'demo_seeker14@jobsearch.kz', '$2y$10$lEWTcgU8f5D2woCg1TCOgO21JfjnyP1eNyNKFLhgu9i7aprcU00Ia', 'seeker', (NOW() - INTERVAL 180 DAY), 'https://i.pravatar.cc/150?u=demo_seeker90114');
INSERT INTO users (id, name, email, password, role, created_at, avatar) VALUES (90115, 'Дана Нурланова', 'demo_seeker15@jobsearch.kz', '$2y$10$lEWTcgU8f5D2woCg1TCOgO21JfjnyP1eNyNKFLhgu9i7aprcU00Ia', 'seeker', (NOW() - INTERVAL 163 DAY), 'https://i.pravatar.cc/150?u=demo_seeker90115');
INSERT INTO users (id, name, email, password, role, created_at, avatar) VALUES (90116, 'Ержан Сериков', 'demo_seeker16@jobsearch.kz', '$2y$10$lEWTcgU8f5D2woCg1TCOgO21JfjnyP1eNyNKFLhgu9i7aprcU00Ia', 'seeker', (NOW() - INTERVAL 119 DAY), 'https://i.pravatar.cc/150?u=demo_seeker90116');
INSERT INTO users (id, name, email, password, role, created_at, avatar) VALUES (90117, 'Нурсултан Алиев', 'demo_seeker17@jobsearch.kz', '$2y$10$lEWTcgU8f5D2woCg1TCOgO21JfjnyP1eNyNKFLhgu9i7aprcU00Ia', 'seeker', (NOW() - INTERVAL 57 DAY), 'https://i.pravatar.cc/150?u=demo_seeker90117');
INSERT INTO users (id, name, email, password, role, created_at, avatar) VALUES (90118, 'Томирис Мукашева', 'demo_seeker18@jobsearch.kz', '$2y$10$lEWTcgU8f5D2woCg1TCOgO21JfjnyP1eNyNKFLhgu9i7aprcU00Ia', 'seeker', (NOW() - INTERVAL 59 DAY), 'https://i.pravatar.cc/150?u=demo_seeker90118');
INSERT INTO users (id, name, email, password, role, created_at, avatar) VALUES (90119, 'Карина Оспанова', 'demo_seeker19@jobsearch.kz', '$2y$10$lEWTcgU8f5D2woCg1TCOgO21JfjnyP1eNyNKFLhgu9i7aprcU00Ia', 'seeker', (NOW() - INTERVAL 69 DAY), 'https://i.pravatar.cc/150?u=demo_seeker90119');
INSERT INTO users (id, name, email, password, role, created_at, avatar) VALUES (90120, 'Нурсултан Турсынов', 'demo_seeker20@jobsearch.kz', '$2y$10$lEWTcgU8f5D2woCg1TCOgO21JfjnyP1eNyNKFLhgu9i7aprcU00Ia', 'seeker', (NOW() - INTERVAL 55 DAY), 'https://i.pravatar.cc/150?u=demo_seeker90120');
INSERT INTO users (id, name, email, password, role, created_at, avatar) VALUES (90121, 'Гульнара Бекмуратова', 'demo_seeker21@jobsearch.kz', '$2y$10$lEWTcgU8f5D2woCg1TCOgO21JfjnyP1eNyNKFLhgu9i7aprcU00Ia', 'seeker', (NOW() - INTERVAL 37 DAY), 'https://i.pravatar.cc/150?u=demo_seeker90121');
INSERT INTO users (id, name, email, password, role, created_at, avatar) VALUES (90122, 'Бекзат Смагулов', 'demo_seeker22@jobsearch.kz', '$2y$10$lEWTcgU8f5D2woCg1TCOgO21JfjnyP1eNyNKFLhgu9i7aprcU00Ia', 'seeker', (NOW() - INTERVAL 138 DAY), 'https://i.pravatar.cc/150?u=demo_seeker90122');
INSERT INTO users (id, name, email, password, role, created_at, avatar) VALUES (90123, 'Санжар Сатпаев', 'demo_seeker23@jobsearch.kz', '$2y$10$lEWTcgU8f5D2woCg1TCOgO21JfjnyP1eNyNKFLhgu9i7aprcU00Ia', 'seeker', (NOW() - INTERVAL 103 DAY), 'https://i.pravatar.cc/150?u=demo_seeker90123');
INSERT INTO users (id, name, email, password, role, created_at, avatar) VALUES (90124, 'Нурлан Исмаилов', 'demo_seeker24@jobsearch.kz', '$2y$10$lEWTcgU8f5D2woCg1TCOgO21JfjnyP1eNyNKFLhgu9i7aprcU00Ia', 'seeker', (NOW() - INTERVAL 24 DAY), 'https://i.pravatar.cc/150?u=demo_seeker90124');
INSERT INTO users (id, name, email, password, role, created_at, avatar) VALUES (90125, 'Томирис Нурланова', 'demo_seeker25@jobsearch.kz', '$2y$10$lEWTcgU8f5D2woCg1TCOgO21JfjnyP1eNyNKFLhgu9i7aprcU00Ia', 'seeker', (NOW() - INTERVAL 161 DAY), 'https://i.pravatar.cc/150?u=demo_seeker90125');

-- Резюме соискателей
INSERT INTO resumes (id, user_id, surname, first_name, patronymic, gender, city, phone, birthday, citizenship, work_permit, profession, education_level, education_institution, education_faculty, education_specialization, education_year, skills, updated_at) VALUES (91001, 90101, 'Исмаилова', 'Назгуль', 'Нұрланқызы', 'Женский', 'Павлодар', '+7 (758) 981-11-97', '1985-11-18', 'Республика Казахстан', 'Не требуется', 'Data Analyst', 'Высшее', 'КБТУ', 'Бизнес и управление', 'Data Analyst', '2022', 'SQL, Python, Excel, Power BI', NOW());
INSERT INTO resumes (id, user_id, surname, first_name, patronymic, gender, city, phone, birthday, citizenship, work_permit, profession, education_level, education_institution, education_faculty, education_specialization, education_year, skills, updated_at) VALUES (91002, 90102, 'Нурланов', 'Арман', 'Қанатұлы', 'Мужской', 'Тараз', '+7 (770) 839-43-74', '1987-09-04', 'Республика Казахстан', 'Не требуется', 'Менеджер по продажам', 'Высшее', 'ЕНУ им. Л.Н. Гумилёва', 'Бизнес и управление', 'Менеджер по продажам', '2013', 'Продажи, CRM, Переговоры, 1С', NOW());
INSERT INTO resumes (id, user_id, surname, first_name, patronymic, gender, city, phone, birthday, citizenship, work_permit, profession, education_level, education_institution, education_faculty, education_specialization, education_year, skills, updated_at) VALUES (91003, 90103, 'Исмаилова', 'Айгерим', 'Қанатқызы', 'Женский', 'Семей', '+7 (709) 431-72-12', '1985-06-27', 'Республика Казахстан', 'Не требуется', 'Маркетолог', 'Бакалавриат', 'КазНУ им. аль-Фараби', 'Инженерия', 'Маркетолог', '2013', 'SMM, Таргетинг, SEO, Аналитика', NOW());
INSERT INTO resumes (id, user_id, surname, first_name, patronymic, gender, city, phone, birthday, citizenship, work_permit, profession, education_level, education_institution, education_faculty, education_specialization, education_year, skills, updated_at) VALUES (91004, 90104, 'Серикова', 'Гульнара', 'Маратқызы', 'Женский', 'Караганда', '+7 (707) 935-18-78', '1986-03-22', 'Республика Казахстан', 'Не требуется', 'Маркетолог', 'Высшее', 'КазНУ им. аль-Фараби', 'Гуманитарный', 'Маркетолог', '2010', 'SMM, Таргетинг, SEO, Аналитика', NOW());
INSERT INTO resumes (id, user_id, surname, first_name, patronymic, gender, city, phone, birthday, citizenship, work_permit, profession, education_level, education_institution, education_faculty, education_specialization, education_year, skills, updated_at) VALUES (91005, 90105, 'Ахметов', 'Айдос', 'Асхатұлы', 'Мужской', 'Семей', '+7 (718) 873-98-35', '1991-07-22', 'Республика Казахстан', 'Не требуется', 'Продавец-консультант', 'Бакалавриат', 'ЕНУ им. Л.Н. Гумилёва', 'Гуманитарный', 'Продавец-консультант', '2021', 'Продажи, Работа с кассой, Клиентоориентированность', NOW());
INSERT INTO resumes (id, user_id, surname, first_name, patronymic, gender, city, phone, birthday, citizenship, work_permit, profession, education_level, education_institution, education_faculty, education_specialization, education_year, skills, updated_at) VALUES (91006, 90106, 'Касымов', 'Ерлан', 'Қанатұлы', 'Мужской', 'Усть-Каменогорск', '+7 (705) 121-85-80', '1989-10-08', 'Республика Казахстан', 'Не требуется', 'Бухгалтер', 'Среднее специальное', 'НАО «Astana Polytechnic»', 'Экономика', 'Бухгалтер', '2015', '1С, Бухучёт, Налоги, Excel', NOW());
INSERT INTO resumes (id, user_id, surname, first_name, patronymic, gender, city, phone, birthday, citizenship, work_permit, profession, education_level, education_institution, education_faculty, education_specialization, education_year, skills, updated_at) VALUES (91007, 90107, 'Нурланов', 'Тимур', 'Ерланұлы', 'Мужской', 'Алматы', '+7 (751) 626-40-45', '2003-08-07', 'Республика Казахстан', 'Не требуется', 'Frontend Developer', 'Высшее', 'КазНУ им. аль-Фараби', 'Информационные технологии', 'Frontend Developer', '2009', 'JavaScript, React, HTML, CSS, TypeScript, Git', NOW());
INSERT INTO resumes (id, user_id, surname, first_name, patronymic, gender, city, phone, birthday, citizenship, work_permit, profession, education_level, education_institution, education_faculty, education_specialization, education_year, skills, updated_at) VALUES (91008, 90108, 'Ахметова', 'Карина', 'Маратқызы', 'Женский', 'Шымкент', '+7 (711) 199-94-65', '1993-07-14', 'Республика Казахстан', 'Не требуется', 'Project Manager', 'Среднее специальное', 'КазНУ им. аль-Фараби', 'Бизнес и управление', 'Project Manager', '2021', 'Управление проектами, Agile, Jira', NOW());
INSERT INTO resumes (id, user_id, surname, first_name, patronymic, gender, city, phone, birthday, citizenship, work_permit, profession, education_level, education_institution, education_faculty, education_specialization, education_year, skills, updated_at) VALUES (91009, 90109, 'Сатпаев', 'Нурсултан', 'Нұрланұлы', 'Мужской', 'Астана', '+7 (703) 296-34-78', '1996-03-14', 'Республика Казахстан', 'Не требуется', 'Копирайтер', 'Высшее', 'НАО «Astana Polytechnic»', 'Бизнес и управление', 'Копирайтер', '2018', 'Копирайтинг, SEO-тексты, Грамотность', NOW());
INSERT INTO resumes (id, user_id, surname, first_name, patronymic, gender, city, phone, birthday, citizenship, work_permit, profession, education_level, education_institution, education_faculty, education_specialization, education_year, skills, updated_at) VALUES (91010, 90110, 'Турсынов', 'Мадияр', 'Ерланұлы', 'Мужской', 'Актобе', '+7 (700) 767-79-11', '1984-04-06', 'Республика Казахстан', 'Не требуется', 'Data Analyst', 'Среднее специальное', 'КазНУ им. аль-Фараби', 'Информационные технологии', 'Data Analyst', '2022', 'SQL, Python, Excel, Power BI', NOW());
INSERT INTO resumes (id, user_id, surname, first_name, patronymic, gender, city, phone, birthday, citizenship, work_permit, profession, education_level, education_institution, education_faculty, education_specialization, education_year, skills, updated_at) VALUES (91011, 90111, 'Ахметов', 'Данияр', 'Қанатұлы', 'Мужской', 'Усть-Каменогорск', '+7 (716) 102-59-43', '1996-05-14', 'Республика Казахстан', 'Не требуется', 'Графический дизайнер', 'Среднее специальное', 'КазНУ им. аль-Фараби', 'Бизнес и управление', 'Графический дизайнер', '2009', 'Photoshop, Illustrator, CorelDRAW', NOW());
INSERT INTO resumes (id, user_id, surname, first_name, patronymic, gender, city, phone, birthday, citizenship, work_permit, profession, education_level, education_institution, education_faculty, education_specialization, education_year, skills, updated_at) VALUES (91012, 90112, 'Серикова', 'Томирис', 'Нұрланқызы', 'Женский', 'Усть-Каменогорск', '+7 (709) 853-79-17', '1992-01-02', 'Республика Казахстан', 'Не требуется', 'Project Manager', 'Бакалавриат', 'КазНУ им. аль-Фараби', 'Инженерия', 'Project Manager', '2014', 'Управление проектами, Agile, Jira', NOW());
INSERT INTO resumes (id, user_id, surname, first_name, patronymic, gender, city, phone, birthday, citizenship, work_permit, profession, education_level, education_institution, education_faculty, education_specialization, education_year, skills, updated_at) VALUES (91013, 90113, 'Орынбаев', 'Мадияр', 'Ерланұлы', 'Мужской', 'Усть-Каменогорск', '+7 (711) 709-18-96', '1989-07-04', 'Республика Казахстан', 'Не требуется', 'SMM-менеджер', 'Бакалавриат', 'НАО «Astana Polytechnic»', 'Гуманитарный', 'SMM-менеджер', '2010', 'Instagram, TikTok, Контент, Таргет', NOW());
INSERT INTO resumes (id, user_id, surname, first_name, patronymic, gender, city, phone, birthday, citizenship, work_permit, profession, education_level, education_institution, education_faculty, education_specialization, education_year, skills, updated_at) VALUES (91014, 90114, 'Алиев', 'Бекзат', 'Болатұлы', 'Мужской', 'Караганда', '+7 (754) 309-95-50', '1989-05-13', 'Республика Казахстан', 'Не требуется', 'SMM-менеджер', 'Высшее', 'Университет «Туран»', 'Информационные технологии', 'SMM-менеджер', '2021', 'Instagram, TikTok, Контент, Таргет', NOW());
INSERT INTO resumes (id, user_id, surname, first_name, patronymic, gender, city, phone, birthday, citizenship, work_permit, profession, education_level, education_institution, education_faculty, education_specialization, education_year, skills, updated_at) VALUES (91015, 90115, 'Нурланова', 'Дана', 'Бауыржанқызы', 'Женский', 'Актобе', '+7 (779) 676-22-19', '1999-04-17', 'Республика Казахстан', 'Не требуется', 'DevOps Engineer', 'Среднее специальное', 'ЕНУ им. Л.Н. Гумилёва', 'Информационные технологии', 'DevOps Engineer', '2008', 'Docker, Linux, CI/CD, Nginx, Git', NOW());
INSERT INTO resumes (id, user_id, surname, first_name, patronymic, gender, city, phone, birthday, citizenship, work_permit, profession, education_level, education_institution, education_faculty, education_specialization, education_year, skills, updated_at) VALUES (91016, 90116, 'Сериков', 'Ержан', 'Асхатұлы', 'Мужской', 'Шымкент', '+7 (752) 548-79-48', '2001-11-17', 'Республика Казахстан', 'Не требуется', 'Менеджер по продажам', 'Магистратура', 'НАО «Astana Polytechnic»', 'Экономика', 'Менеджер по продажам', '2019', 'Продажи, CRM, Переговоры, 1С', NOW());
INSERT INTO resumes (id, user_id, surname, first_name, patronymic, gender, city, phone, birthday, citizenship, work_permit, profession, education_level, education_institution, education_faculty, education_specialization, education_year, skills, updated_at) VALUES (91017, 90117, 'Алиев', 'Нурсултан', 'Талғатұлы', 'Мужской', 'Семей', '+7 (751) 209-80-29', '1990-05-20', 'Республика Казахстан', 'Не требуется', 'Frontend Developer', 'Магистратура', 'КазНИТУ им. Сатпаева', 'Информационные технологии', 'Frontend Developer', '2012', 'JavaScript, React, HTML, CSS, TypeScript, Git', NOW());
INSERT INTO resumes (id, user_id, surname, first_name, patronymic, gender, city, phone, birthday, citizenship, work_permit, profession, education_level, education_institution, education_faculty, education_specialization, education_year, skills, updated_at) VALUES (91018, 90118, 'Мукашева', 'Томирис', 'Серікқызы', 'Женский', 'Тараз', '+7 (774) 966-16-21', '2002-07-27', 'Республика Казахстан', 'Не требуется', 'UI/UX Дизайнер', 'Бакалавриат', 'КазНИТУ им. Сатпаева', 'Инженерия', 'UI/UX Дизайнер', '2024', 'Figma, Photoshop, Прототипирование', NOW());
INSERT INTO resumes (id, user_id, surname, first_name, patronymic, gender, city, phone, birthday, citizenship, work_permit, profession, education_level, education_institution, education_faculty, education_specialization, education_year, skills, updated_at) VALUES (91019, 90119, 'Оспанова', 'Карина', 'Дәулетқызы', 'Женский', 'Астана', '+7 (717) 664-64-81', '1982-02-03', 'Республика Казахстан', 'Не требуется', 'Менеджер по продажам', 'Высшее', 'ЕНУ им. Л.Н. Гумилёва', 'Экономика', 'Менеджер по продажам', '2016', 'Продажи, CRM, Переговоры, 1С', NOW());
INSERT INTO resumes (id, user_id, surname, first_name, patronymic, gender, city, phone, birthday, citizenship, work_permit, profession, education_level, education_institution, education_faculty, education_specialization, education_year, skills, updated_at) VALUES (91020, 90120, 'Турсынов', 'Нурсултан', 'Ерланұлы', 'Мужской', 'Семей', '+7 (772) 142-49-56', '1983-06-07', 'Республика Казахстан', 'Не требуется', 'DevOps Engineer', 'Высшее', 'ЮКУ им. М. Ауэзова', 'Инженерия', 'DevOps Engineer', '2012', 'Docker, Linux, CI/CD, Nginx, Git', NOW());
INSERT INTO resumes (id, user_id, surname, first_name, patronymic, gender, city, phone, birthday, citizenship, work_permit, profession, education_level, education_institution, education_faculty, education_specialization, education_year, skills, updated_at) VALUES (91021, 90121, 'Бекмуратова', 'Гульнара', 'Маратқызы', 'Женский', 'Алматы', '+7 (713) 985-30-32', '1995-01-06', 'Республика Казахстан', 'Не требуется', 'Системный администратор', 'Магистратура', 'ЮКУ им. М. Ауэзова', 'Гуманитарный', 'Системный администратор', '2021', 'Linux, Windows Server, Сети, Active Directory', NOW());
INSERT INTO resumes (id, user_id, surname, first_name, patronymic, gender, city, phone, birthday, citizenship, work_permit, profession, education_level, education_institution, education_faculty, education_specialization, education_year, skills, updated_at) VALUES (91022, 90122, 'Смагулов', 'Бекзат', 'Талғатұлы', 'Мужской', 'Павлодар', '+7 (770) 979-70-38', '1988-08-12', 'Республика Казахстан', 'Не требуется', 'HR-менеджер', 'Бакалавриат', 'ЕНУ им. Л.Н. Гумилёва', 'Экономика', 'HR-менеджер', '2011', 'Рекрутинг, Кадровое делопроизводство, 1С', NOW());
INSERT INTO resumes (id, user_id, surname, first_name, patronymic, gender, city, phone, birthday, citizenship, work_permit, profession, education_level, education_institution, education_faculty, education_specialization, education_year, skills, updated_at) VALUES (91023, 90123, 'Сатпаев', 'Санжар', 'Бауыржанұлы', 'Мужской', 'Караганда', '+7 (754) 985-18-45', '1993-11-17', 'Республика Казахстан', 'Не требуется', 'Маркетолог', 'Бакалавриат', 'НАО «Astana Polytechnic»', 'Экономика', 'Маркетолог', '2020', 'SMM, Таргетинг, SEO, Аналитика', NOW());
INSERT INTO resumes (id, user_id, surname, first_name, patronymic, gender, city, phone, birthday, citizenship, work_permit, profession, education_level, education_institution, education_faculty, education_specialization, education_year, skills, updated_at) VALUES (91024, 90124, 'Исмаилов', 'Нурлан', 'Маратұлы', 'Мужской', 'Семей', '+7 (719) 371-14-23', '2001-07-12', 'Республика Казахстан', 'Не требуется', 'Логист', 'Магистратура', 'НАО «Astana Polytechnic»', 'Информационные технологии', 'Логист', '2016', 'Логистика, 1С, Документооборот', NOW());
INSERT INTO resumes (id, user_id, surname, first_name, patronymic, gender, city, phone, birthday, citizenship, work_permit, profession, education_level, education_institution, education_faculty, education_specialization, education_year, skills, updated_at) VALUES (91025, 90125, 'Нурланова', 'Томирис', 'Асхатқызы', 'Женский', 'Павлодар', '+7 (750) 825-65-10', '1998-09-22', 'Республика Казахстан', 'Не требуется', 'HR-менеджер', 'Высшее', 'КБТУ', 'Гуманитарный', 'HR-менеджер', '2014', 'Рекрутинг, Кадровое делопроизводство, 1С', NOW());

-- Вакансии
INSERT INTO vacancies (id, employer_id, title, salary, description, city, created_at) VALUES (92001, 90004, 'Бухгалтер', 'от 300 000 ₸', 'Компания ТОО «Astana Soft» приглашает на позицию «Бухгалтер» в городе Павлодар. Полная занятость, дружный коллектив, своевременная оплата и возможность роста.', 'Павлодар', (NOW() - INTERVAL 85 DAY));
INSERT INTO vacancies (id, employer_id, title, salary, description, city, created_at) VALUES (92002, 90006, 'Юрист', 'от 300 000 ₸', 'Компания АО «Tumar Bank» приглашает на позицию «Юрист» в городе Тараз. Полная занятость, дружный коллектив, своевременная оплата и возможность роста.', 'Тараз', (NOW() - INTERVAL 38 DAY));
INSERT INTO vacancies (id, employer_id, title, salary, description, city, created_at) VALUES (92003, 90009, 'Маркетолог', 'от 500 000 ₸', 'Компания ТОО «Bereke Trade» приглашает на позицию «Маркетолог» в городе Павлодар. Полная занятость, дружный коллектив, своевременная оплата и возможность роста.', 'Павлодар', (NOW() - INTERVAL 51 DAY));
INSERT INTO vacancies (id, employer_id, title, salary, description, city, created_at) VALUES (92004, 90005, 'Project Manager', 'от 450 000 ₸', 'Компания ТОО «Sapa Market» приглашает на позицию «Project Manager» в городе Шымкент. Полная занятость, дружный коллектив, своевременная оплата и возможность роста.', 'Шымкент', (NOW() - INTERVAL 53 DAY));
INSERT INTO vacancies (id, employer_id, title, salary, description, city, created_at) VALUES (92005, 90007, 'Data Analyst', 'По договорённости', 'Компания ТОО «Qazaq Logistics» приглашает на позицию «Data Analyst» в городе Актобе. Полная занятость, дружный коллектив, своевременная оплата и возможность роста.', 'Актобе', (NOW() - INTERVAL 70 DAY));
INSERT INTO vacancies (id, employer_id, title, salary, description, city, created_at) VALUES (92006, 90001, 'Маркетолог', 'от 450 000 ₸', 'Компания ТОО «KazTech» приглашает на позицию «Маркетолог» в городе Актобе. Полная занятость, дружный коллектив, своевременная оплата и возможность роста.', 'Актобе', (NOW() - INTERVAL 55 DAY));
INSERT INTO vacancies (id, employer_id, title, salary, description, city, created_at) VALUES (92007, 90010, 'Юрист', 'от 180 000 ₸', 'Компания АО «Innova Systems» приглашает на позицию «Юрист» в городе Тараз. Полная занятость, дружный коллектив, своевременная оплата и возможность роста.', 'Тараз', (NOW() - INTERVAL 56 DAY));
INSERT INTO vacancies (id, employer_id, title, salary, description, city, created_at) VALUES (92008, 90008, 'UI/UX Дизайнер', 'от 180 000 ₸', 'Компания ТОО «Nomad Media» приглашает на позицию «UI/UX Дизайнер» в городе Семей. Полная занятость, дружный коллектив, своевременная оплата и возможность роста.', 'Семей', (NOW() - INTERVAL 21 DAY));
INSERT INTO vacancies (id, employer_id, title, salary, description, city, created_at) VALUES (92009, 90002, 'Маркетолог', 'от 500 000 ₸', 'Компания АО «DigitalKZ» приглашает на позицию «Маркетолог» в городе Семей. Полная занятость, дружный коллектив, своевременная оплата и возможность роста.', 'Семей', (NOW() - INTERVAL 11 DAY));
INSERT INTO vacancies (id, employer_id, title, salary, description, city, created_at) VALUES (92010, 90004, 'Маркетолог', 'от 450 000 ₸', 'Компания ТОО «Astana Soft» приглашает на позицию «Маркетолог» в городе Караганда. Полная занятость, дружный коллектив, своевременная оплата и возможность роста.', 'Караганда', (NOW() - INTERVAL 18 DAY));
INSERT INTO vacancies (id, employer_id, title, salary, description, city, created_at) VALUES (92011, 90001, 'Backend Developer', 'от 180 000 ₸', 'Компания ТОО «KazTech» приглашает на позицию «Backend Developer» в городе Караганда. Полная занятость, дружный коллектив, своевременная оплата и возможность роста.', 'Караганда', (NOW() - INTERVAL 78 DAY));
INSERT INTO vacancies (id, employer_id, title, salary, description, city, created_at) VALUES (92012, 90002, 'Копирайтер', 'от 450 000 ₸', 'Компания АО «DigitalKZ» приглашает на позицию «Копирайтер» в городе Павлодар. Полная занятость, дружный коллектив, своевременная оплата и возможность роста.', 'Павлодар', (NOW() - INTERVAL 89 DAY));
INSERT INTO vacancies (id, employer_id, title, salary, description, city, created_at) VALUES (92013, 90007, 'Продавец-консультант', 'от 450 000 ₸', 'Компания ТОО «Qazaq Logistics» приглашает на позицию «Продавец-консультант» в городе Павлодар. Полная занятость, дружный коллектив, своевременная оплата и возможность роста.', 'Павлодар', (NOW() - INTERVAL 18 DAY));
INSERT INTO vacancies (id, employer_id, title, salary, description, city, created_at) VALUES (92014, 90001, 'QA Engineer', 'от 450 000 ₸', 'Компания ТОО «KazTech» приглашает на позицию «QA Engineer» в городе Павлодар. Полная занятость, дружный коллектив, своевременная оплата и возможность роста.', 'Павлодар', (NOW() - INTERVAL 22 DAY));
INSERT INTO vacancies (id, employer_id, title, salary, description, city, created_at) VALUES (92015, 90009, 'Копирайтер', 'от 450 000 ₸', 'Компания ТОО «Bereke Trade» приглашает на позицию «Копирайтер» в городе Астана. Полная занятость, дружный коллектив, своевременная оплата и возможность роста.', 'Астана', (NOW() - INTERVAL 15 DAY));
INSERT INTO vacancies (id, employer_id, title, salary, description, city, created_at) VALUES (92016, 90008, 'DevOps Engineer', 'от 500 000 ₸', 'Компания ТОО «Nomad Media» приглашает на позицию «DevOps Engineer» в городе Усть-Каменогорск. Полная занятость, дружный коллектив, своевременная оплата и возможность роста.', 'Усть-Каменогорск', (NOW() - INTERVAL 56 DAY));
INSERT INTO vacancies (id, employer_id, title, salary, description, city, created_at) VALUES (92017, 90010, 'Финансовый аналитик', 'от 180 000 ₸', 'Компания АО «Innova Systems» приглашает на позицию «Финансовый аналитик» в городе Павлодар. Полная занятость, дружный коллектив, своевременная оплата и возможность роста.', 'Павлодар', (NOW() - INTERVAL 20 DAY));
INSERT INTO vacancies (id, employer_id, title, salary, description, city, created_at) VALUES (92018, 90008, 'Копирайтер', 'от 450 000 ₸', 'Компания ТОО «Nomad Media» приглашает на позицию «Копирайтер» в городе Актобе. Полная занятость, дружный коллектив, своевременная оплата и возможность роста.', 'Актобе', (NOW() - INTERVAL 81 DAY));
INSERT INTO vacancies (id, employer_id, title, salary, description, city, created_at) VALUES (92019, 90005, 'Финансовый аналитик', 'от 450 000 ₸', 'Компания ТОО «Sapa Market» приглашает на позицию «Финансовый аналитик» в городе Усть-Каменогорск. Полная занятость, дружный коллектив, своевременная оплата и возможность роста.', 'Усть-Каменогорск', (NOW() - INTERVAL 35 DAY));
INSERT INTO vacancies (id, employer_id, title, salary, description, city, created_at) VALUES (92020, 90008, 'Full-stack Developer', 'от 450 000 ₸', 'Компания ТОО «Nomad Media» приглашает на позицию «Full-stack Developer» в городе Актобе. Полная занятость, дружный коллектив, своевременная оплата и возможность роста.', 'Актобе', (NOW() - INTERVAL 34 DAY));
INSERT INTO vacancies (id, employer_id, title, salary, description, city, created_at) VALUES (92021, 90006, 'HR-менеджер', 'от 300 000 ₸', 'Компания АО «Tumar Bank» приглашает на позицию «HR-менеджер» в городе Семей. Полная занятость, дружный коллектив, своевременная оплата и возможность роста.', 'Семей', (NOW() - INTERVAL 17 DAY));
INSERT INTO vacancies (id, employer_id, title, salary, description, city, created_at) VALUES (92022, 90003, 'Системный администратор', '250 000 – 400 000 ₸', 'Компания ТОО «Alatau Group» приглашает на позицию «Системный администратор» в городе Павлодар. Полная занятость, дружный коллектив, своевременная оплата и возможность роста.', 'Павлодар', (NOW() - INTERVAL 90 DAY));
INSERT INTO vacancies (id, employer_id, title, salary, description, city, created_at) VALUES (92023, 90004, 'Full-stack Developer', 'По договорённости', 'Компания ТОО «Astana Soft» приглашает на позицию «Full-stack Developer» в городе Павлодар. Полная занятость, дружный коллектив, своевременная оплата и возможность роста.', 'Павлодар', (NOW() - INTERVAL 42 DAY));
INSERT INTO vacancies (id, employer_id, title, salary, description, city, created_at) VALUES (92024, 90009, 'Копирайтер', 'от 200 000 ₸', 'Компания ТОО «Bereke Trade» приглашает на позицию «Копирайтер» в городе Павлодар. Полная занятость, дружный коллектив, своевременная оплата и возможность роста.', 'Павлодар', (NOW() - INTERVAL 26 DAY));
INSERT INTO vacancies (id, employer_id, title, salary, description, city, created_at) VALUES (92025, 90007, 'Логист', 'По договорённости', 'Компания ТОО «Qazaq Logistics» приглашает на позицию «Логист» в городе Астана. Полная занятость, дружный коллектив, своевременная оплата и возможность роста.', 'Астана', (NOW() - INTERVAL 61 DAY));

